{"initial_reset_timestamp": 1659883398.636669, "timestamps": [1659883399.8545513], "episode_lengths": [85], "episode_rewards": [-90.47501390766098], "episode_types": ["t"]}